gwas	lead_rsid	chr	pos_hg19	gene	gencode_id	tissue	n_snps	PP.H0	PP.H1	PP.H2	PP.H3	PP.H4	coloc
all	rs73004967	19	19717056	MAU2	ENSG00000129933	Whole_Blood	395	0.0	0.0136	0.0	0.0812	0.9051	True
male	rs58542926	19	19379549	MAU2	ENSG00000129933	Whole_Blood	2570	0.0003	0.01	0.0038	0.151	0.835	True
male	rs4841132	8	9183596	TNKS	ENSG00000173273	Liver	4290	0.0026	0.049	0.0077	0.1443	0.7964	False
all	rs73004967	19	19717056	YJEFN3	ENSG00000250067	Muscle_Skeletal	394	0.0001	0.2597	0.0	0.0826	0.6576	False
all	rs73004967	19	19717056	ATP13A1	ENSG00000105726	Adipose_Visceral_Omentum	396	0.0001	0.3267	0.0	0.058	0.6153	False
male	rs58542926	19	19379549	ATP13A1	ENSG00000105726	Adipose_Visceral_Omentum	2414	0.008	0.3165	0.0032	0.1243	0.5481	False
all	rs73004967	19	19717056	GATAD2A	ENSG00000167491	Adipose_Subcutaneous	396	0.0001	0.4525	0.0	0.0537	0.4937	False
male	rs58542926	19	19379549	GATAD2A	ENSG00000167491	Adipose_Subcutaneous	2576	0.0102	0.4057	0.0029	0.1139	0.4673	False
all	rs73004967	19	19717056	ATP13A1	ENSG00000105726	Pancreas	395	0.0001	0.5606	0.0	0.0374	0.4019	False
all	rs73004967	19	19717056	TM6SF2	ENSG00000213996	Liver	389	0.0001	0.2979	0.0001	0.3749	0.3271	False
male	rs58542926	19	19379549	ATP13A1	ENSG00000105726	Pancreas	2458	0.014	0.5558	0.0036	0.1406	0.2861	False
female	rs10424801	19	50132098	FCGRT	ENSG00000104870	Pancreas	3235	0.1579	0.3709	0.061	0.1429	0.2674	False
male	rs738409	22	44324727	SAMM50	ENSG00000100347	Liver	3766	0.0001	0.4799	0.0	0.2604	0.2596	False
all	rs73004967	19	19717056	ATP13A1	ENSG00000105726	Adipose_Subcutaneous	396	0.0002	0.6439	0.0	0.1035	0.2524	False
male	rs58542926	19	19379549	TM6SF2	ENSG00000213996	Liver	2208	0.0061	0.2406	0.0128	0.5064	0.2341	False
all	rs738408	22	44324730	SAMM50	ENSG00000100347	Liver	463	0.0	0.7274	0.0	0.0429	0.2297	False
male	rs58542926	19	19379549	ATP13A1	ENSG00000105726	Adipose_Subcutaneous	2576	0.0141	0.5578	0.0052	0.2072	0.2157	False
all	rs73004967	19	19717056	ATP13A1	ENSG00000105726	Muscle_Skeletal	394	0.0002	0.817	0.0	0.024	0.1588	False
male	rs58542926	19	19379549	ATP13A1	ENSG00000105726	Muscle_Skeletal	2578	0.0171	0.6771	0.0036	0.1441	0.1581	False
all	rs73004967	19	19717056	ATP13A1	ENSG00000105726	Liver	389	0.0002	0.754	0.0	0.0908	0.155	False
female	rs10424801	19	50132098	RRAS	ENSG00000126458	Muscle_Skeletal	3300	0.1922	0.4524	0.0615	0.1445	0.1494	False
male	rs58542926	19	19379549	ATP13A1	ENSG00000105726	Liver	2208	0.0166	0.657	0.0046	0.1819	0.1398	False
all	rs73004967	19	19717056	GATAD2A	ENSG00000167491	Adipose_Visceral_Omentum	396	0.0002	0.8589	0.0	0.0179	0.1229	False
male	rs4841132	8	9183596	TNKS	ENSG00000173273	Pancreas	4521	0.0264	0.5027	0.0174	0.3324	0.1211	False
all	rs738408	22	44324730	PNPLA3	ENSG00000100344	Adipose_Subcutaneous	509	0.0	0.8387	0.0	0.0402	0.1211	False
female	rs10424801	19	50132098	FCGRT	ENSG00000104870	Liver	2456	0.1506	0.3492	0.1143	0.2649	0.121	False
female	rs36146170	2	239763738	TWIST2	ENSG00000233608	Pancreas	3915	0.3243	0.3193	0.1189	0.117	0.1205	False
all	rs73004967	19	19717056	RFXANK	ENSG00000064490	Liver	389	0.0002	0.8628	0.0	0.0281	0.1089	False
all	rs73004967	19	19717056	PBX4	ENSG00000105717	Muscle_Skeletal	394	0.0002	0.8686	0.0	0.0234	0.1077	False
all	rs73004967	19	19717056	ZNF506	ENSG00000081665	Adipose_Subcutaneous	396	0.0002	0.866	0.0	0.0284	0.1054	False
all	rs73004967	19	19717056	ATP13A1	ENSG00000105726	Whole_Blood	395	0.0002	0.8781	0.0	0.0205	0.1012	False
male	rs58542926	19	19379549	GATAD2A	ENSG00000167491	Adipose_Visceral_Omentum	2414	0.0195	0.7727	0.0027	0.1061	0.099	False
female	rs3747207	22	44324855	PNPLA3	ENSG00000100344	Adipose_Subcutaneous	4200	0.0026	0.6732	0.0009	0.2272	0.0961	False
male	rs738409	22	44324727	PNPLA3	ENSG00000100344	Adipose_Subcutaneous	4225	0.0001	0.6765	0.0	0.2298	0.0936	False
all	rs73004967	19	19717056	RFXANK	ENSG00000064490	Adipose_Subcutaneous	396	0.0002	0.8193	0.0	0.0898	0.0907	False
male	rs58542926	19	19379549	ATP13A1	ENSG00000105726	Whole_Blood	2570	0.0192	0.7602	0.0033	0.1292	0.0881	False
all	rs73004967	19	19717056	YJEFN3	ENSG00000250067	Adipose_Subcutaneous	396	0.0002	0.7816	0.0	0.1309	0.0873	False
all	rs738408	22	44324730	PNPLA3	ENSG00000100344	Liver	463	0.0	0.8606	0.0	0.0535	0.086	False
male	rs4841132	8	9183596	TNKS	ENSG00000173273	Adipose_Visceral_Omentum	4572	0.0351	0.6618	0.0112	0.2118	0.0801	False
all	rs73004967	19	19717056	ZNF506	ENSG00000081665	Liver	389	0.0002	0.8679	0.0	0.0541	0.0778	False
all	rs73004967	19	19717056	GATAD2A	ENSG00000167491	Pancreas	395	0.0002	0.8965	0.0	0.0277	0.0756	False
all	rs73004967	19	19717056	PBX4	ENSG00000105717	Adipose_Subcutaneous	396	0.0002	0.9027	0.0	0.022	0.0751	False
male	rs58542926	19	19379549	GATAD2A	ENSG00000167491	Pancreas	2458	0.0189	0.7484	0.0039	0.1549	0.0739	False
all	rs73004967	19	19717056	ZNF506	ENSG00000081665	Pancreas	395	0.0002	0.8745	0.0	0.0517	0.0735	False
all	rs73004967	19	19717056	PBX4	ENSG00000105717	Pancreas	395	0.0002	0.899	0.0	0.0295	0.0712	False
all	rs73004967	19	19717056	PBX4	ENSG00000105717	Liver	389	0.0002	0.8996	0.0	0.0294	0.0708	False
female	rs3747207	22	44324855	PNPLA3	ENSG00000100344	Liver	3750	0.0025	0.6628	0.001	0.2633	0.0704	False
female	rs36146170	2	239763738	TWIST2	ENSG00000233608	Adipose_Visceral_Omentum	3974	0.3356	0.3284	0.1348	0.1318	0.0695	False
female	rs10424801	19	50132098	RRAS	ENSG00000126458	Pancreas	3235	0.2187	0.5137	0.0593	0.1392	0.0691	False
all	rs73004967	19	19717056	RFXANK	ENSG00000064490	Pancreas	395	0.0002	0.9014	0.0	0.0293	0.069	False
all	rs73004967	19	19717056	TM6SF2	ENSG00000213996	Adipose_Visceral_Omentum	396	0.0002	0.9006	0.0	0.0302	0.069	False
male	rs738409	22	44324727	PNPLA3	ENSG00000100344	Liver	3766	0.0001	0.6664	0.0	0.2657	0.0678	False
all	rs73004967	19	19717056	YJEFN3	ENSG00000250067	Liver	389	0.0002	0.6686	0.0001	0.2645	0.0667	False
all	rs73004967	19	19717056	MAU2	ENSG00000129933	Pancreas	395	0.0002	0.8989	0.0	0.0377	0.0632	False
all	rs73004967	19	19717056	MAU2	ENSG00000129933	Liver	389	0.0002	0.9158	0.0	0.0215	0.0625	False
female	rs10424801	19	50132098	NOSIP	ENSG00000142546	Liver	2456	0.1825	0.4232	0.1	0.2319	0.0623	False
female	rs115045876	4	3776272	ADRA2C	ENSG00000184160	Adipose_Visceral_Omentum	4919	0.4071	0.2791	0.1499	0.1027	0.0612	False
all	rs73004967	19	19717056	PBX4	ENSG00000105717	Adipose_Visceral_Omentum	396	0.0002	0.9175	0.0	0.0217	0.0606	False
male	rs58542926	19	19379549	GATAD2A	ENSG00000167491	Muscle_Skeletal	2578	0.02	0.7933	0.0032	0.1251	0.0585	False
male	rs58542926	19	19379549	TM6SF2	ENSG00000213996	Adipose_Visceral_Omentum	2414	0.0193	0.7634	0.0039	0.1552	0.0583	False
all	rs73004967	19	19717056	RFXANK	ENSG00000064490	Muscle_Skeletal	394	0.0002	0.8973	0.0	0.0443	0.0581	False
male	rs4841132	8	9183596	TNKS	ENSG00000173273	Muscle_Skeletal	4576	0.0338	0.6447	0.0132	0.251	0.0573	False
all	rs73004967	19	19717056	MAU2	ENSG00000129933	Adipose_Visceral_Omentum	396	0.0002	0.9253	0.0	0.0179	0.0567	False
all	rs73004967	19	19717056	PBX4	ENSG00000105717	Whole_Blood	395	0.0002	0.8801	0.0	0.0639	0.0558	False
male	rs58542926	19	19379549	MAU2	ENSG00000129933	Liver	2208	0.0199	0.7894	0.0034	0.1349	0.0523	False
all	rs738408	22	44324730	SAMM50	ENSG00000100347	Muscle_Skeletal	501	0.0	0.7693	0.0	0.1791	0.0516	False
all	rs73004967	19	19717056	GATAD2A	ENSG00000167491	Muscle_Skeletal	394	0.0002	0.9355	0.0	0.0153	0.0489	False
male	rs58542926	19	19379549	MAU2	ENSG00000129933	Pancreas	2458	0.0185	0.7328	0.0049	0.195	0.0488	False
all	rs73004967	19	19717056	RFXANK	ENSG00000064490	Adipose_Visceral_Omentum	396	0.0002	0.9342	0.0	0.018	0.0475	False
all	rs73004967	19	19717056	ZNF506	ENSG00000081665	Whole_Blood	395	0.0002	0.8799	0.0	0.0726	0.0473	False
male	rs4841132	8	9183596	TNKS	ENSG00000173273	Whole_Blood	4570	0.037	0.7062	0.0105	0.2	0.0464	False
all	rs73004967	19	19717056	GATAD2A	ENSG00000167491	Liver	389	0.0002	0.9351	0.0	0.0194	0.0453	False
all	rs73004967	19	19717056	MAU2	ENSG00000129933	Adipose_Subcutaneous	396	0.0002	0.935	0.0	0.0206	0.0442	False
all	rs73004967	19	19717056	ZNF506	ENSG00000081665	Adipose_Visceral_Omentum	396	0.0002	0.9166	0.0	0.0399	0.0433	False
female	rs10424801	19	50132098	FCGRT	ENSG00000104870	Adipose_Visceral_Omentum	3244	0.2099	0.4932	0.076	0.1785	0.0425	False
female	rs10424801	19	50132098	RRAS	ENSG00000126458	Adipose_Subcutaneous	3294	0.2298	0.5406	0.056	0.1318	0.0418	False
female	rs10260515	7	19051512	TWIST1	ENSG00000122691	Pancreas	3429	0.4676	0.2654	0.1439	0.0816	0.0415	False
male	rs58542926	19	19379549	MAU2	ENSG00000129933	Adipose_Visceral_Omentum	2414	0.0195	0.774	0.0041	0.1616	0.0407	False
all	rs738408	22	44324730	PNPLA3	ENSG00000100344	Muscle_Skeletal	501	0.0	0.8771	0.0	0.0831	0.0398	False
female	rs10424801	19	50132098	FCGRT	ENSG00000104870	Adipose_Subcutaneous	3294	0.0428	0.1008	0.2437	0.5734	0.0393	False
male	rs58542926	19	19379549	GATAD2A	ENSG00000167491	Liver	2208	0.0204	0.8066	0.0033	0.1316	0.0381	False
female	rs3747207	22	44324855	PNPLA3	ENSG00000100344	Muscle_Skeletal	4072	0.0025	0.6536	0.0012	0.3066	0.0362	False
male	rs58542926	19	19379549	MAU2	ENSG00000129933	Adipose_Subcutaneous	2576	0.02	0.7936	0.0037	0.1467	0.036	False
all	rs73004967	19	19717056	YJEFN3	ENSG00000250067	Whole_Blood	395	0.0001	0.6193	0.0001	0.3459	0.0345	False
male	rs4841132	8	9183596	TNKS	ENSG00000173273	Adipose_Subcutaneous	4595	0.0364	0.6938	0.0118	0.2242	0.0339	False
all	rs738408	22	44324730	PNPLA3	ENSG00000100344	Adipose_Visceral_Omentum	467	0.0	0.867	0.0	0.0993	0.0337	False
male	rs738409	22	44324727	PNPLA3	ENSG00000100344	Muscle_Skeletal	4106	0.0001	0.656	0.0	0.3104	0.0335	False
female	rs10260515	7	19051512	TWIST1	ENSG00000122691	Adipose_Subcutaneous	3511	0.4734	0.2718	0.1409	0.0809	0.033	False
female	rs36146170	2	239763738	TWIST2	ENSG00000233608	Liver	3664	0.377	0.356	0.1211	0.1144	0.0315	False
female	rs10424801	19	50132098	RPS11	ENSG00000142534	Liver	2456	0.2421	0.5613	0.0499	0.1156	0.0311	False
male	rs4073806	2	121968414	TFCP2L1	ENSG00000115112	Liver	2896	0.3096	0.3423	0.1506	0.1665	0.031	False
female	rs10424801	19	50132098	NOSIP	ENSG00000142546	Adipose_Subcutaneous	3294	0.2039	0.4797	0.0851	0.2003	0.031	False
female	rs10424801	19	50132098	NOSIP	ENSG00000142546	Adipose_Visceral_Omentum	3244	0.2197	0.5163	0.0699	0.1643	0.0298	False
female	rs10424801	19	50132098	RRAS	ENSG00000126458	Adipose_Visceral_Omentum	3244	0.2364	0.5554	0.0533	0.1253	0.0295	False
female	rs10260515	7	19051512	TWIST1	ENSG00000122691	Liver	3089	0.4924	0.2691	0.1354	0.0739	0.0292	False
female	rs10424801	19	50132098	RRAS	ENSG00000126458	Liver	2456	0.2453	0.5687	0.0474	0.1099	0.0287	False
female	rs36146170	2	239763738	TWIST2	ENSG00000233608	Adipose_Subcutaneous	3997	0.3463	0.3436	0.1419	0.1407	0.0275	False
female	rs10424801	19	50132098	RPS11	ENSG00000142534	Pancreas	3235	0.2121	0.4981	0.0788	0.1851	0.0258	False
female	rs3747207	22	44324855	PNPLA3	ENSG00000100344	Adipose_Visceral_Omentum	3978	0.0025	0.6479	0.0012	0.3227	0.0256	False
male	rs738409	22	44324727	PNPLA3	ENSG00000100344	Adipose_Visceral_Omentum	4013	0.0001	0.6482	0.0	0.3268	0.0248	False
female	rs115045876	4	3776272	ADRA2C	ENSG00000184160	Pancreas	4913	0.0	0.0	0.7814	0.1941	0.0245	False
female	rs10424801	19	50132098	RRAS	ENSG00000126458	Whole_Blood	3310	0.2294	0.5398	0.0616	0.1448	0.0244	False
female	rs115045876	4	3776272	ADRA2C	ENSG00000184160	Adipose_Subcutaneous	5056	0.3812	0.2653	0.1948	0.1355	0.0232	False
female	rs115045876	4	3776272	ADRA2C	ENSG00000184160	Muscle_Skeletal	4973	0.4255	0.2936	0.153	0.1055	0.0225	False
male	rs4073806	2	121968414	TFCP2L1	ENSG00000115112	Adipose_Visceral_Omentum	3174	0.3471	0.394	0.1117	0.1268	0.0204	False
male	rs58542926	19	19379549	TM6SF2	ENSG00000213996	Adipose_Subcutaneous	2576	0.0021	0.0835	0.022	0.8722	0.0202	False
female	rs10424801	19	50132098	RPS11	ENSG00000142534	Adipose_Visceral_Omentum	3244	0.2049	0.4815	0.0876	0.2059	0.0201	False
all	rs738408	22	44324730	SAMM50	ENSG00000100347	Pancreas	496	0.0	0.5034	0.0	0.4772	0.0194	False
female	rs10260515	7	19051512	TWIST1	ENSG00000122691	Adipose_Visceral_Omentum	3450	0.4401	0.2503	0.1851	0.1052	0.0193	False
all	rs73004967	19	19717056	TM6SF2	ENSG00000213996	Adipose_Subcutaneous	396	0.0	0.1939	0.0002	0.7871	0.0187	False
female	rs10424801	19	50132098	NOSIP	ENSG00000142546	Muscle_Skeletal	3300	0.2313	0.5444	0.0615	0.1446	0.0182	False
male	rs4073806	2	121968414	TFCP2L1	ENSG00000115112	Adipose_Subcutaneous	3331	0.3029	0.3469	0.1554	0.1779	0.0168	False
female	rs10424801	19	50132098	NOSIP	ENSG00000142546	Whole_Blood	3310	0.2352	0.5535	0.0583	0.1372	0.0158	False
female	rs36146170	2	239763738	TWIST2	ENSG00000233608	Muscle_Skeletal	3974	0.3528	0.3488	0.1422	0.1406	0.0156	False
female	rs10424801	19	50132098	FCGRT	ENSG00000104870	Muscle_Skeletal	3300	0.2452	0.5771	0.0485	0.1142	0.0148	False
male	rs77770701	2	112977265	ZC3H8	ENSG00000144161	Muscle_Skeletal	2442	0.011	0.0018	0.8353	0.1379	0.014	False
female	rs10260515	7	19051512	TWIST1	ENSG00000122691	Muscle_Skeletal	3511	0.4939	0.2836	0.1325	0.0761	0.014	False
male	rs77770701	2	112977265	ZC3H8	ENSG00000144161	Adipose_Subcutaneous	2406	0.0001	0.0	0.8829	0.1031	0.0139	False
all	rs738408	22	44324730	SAMM50	ENSG00000100347	Adipose_Visceral_Omentum	467	0.0	0.0581	0.0	0.9283	0.0136	False
female	rs10424801	19	50132098	RPS11	ENSG00000142534	Whole_Blood	3310	0.2285	0.5378	0.0658	0.1549	0.013	False
female	rs36146170	2	239763738	TWIST2	ENSG00000233608	Whole_Blood	3975	0.0	0.0	0.4986	0.4886	0.0128	False
female	rs6892286	5	45928575	HCN1	ENSG00000164588	Muscle_Skeletal	2732	0.6232	0.1092	0.2173	0.0381	0.0123	False
female	rs114018234	2	54605940	C2orf73	ENSG00000177994	Adipose_Visceral_Omentum	3469	0.617	0.1535	0.174	0.0433	0.0122	False
female	rs115045876	4	3776272	ADRA2C	ENSG00000184160	Liver	4469	0.5384	0.1124	0.2789	0.0582	0.0122	False
female	rs114018234	2	54605940	C2orf73	ENSG00000177994	Adipose_Subcutaneous	3531	0.2759	0.0692	0.5143	0.1289	0.0117	False
male	rs77770701	2	112977265	ZC3H8	ENSG00000144161	Whole_Blood	2445	0.5293	0.0897	0.3164	0.0536	0.0109	False
male	rs77770701	2	112977265	ZC3H8	ENSG00000144161	Liver	2160	0.6856	0.0597	0.2256	0.0196	0.0095	False
male	rs4073806	2	121968414	TFCP2L1	ENSG00000115112	Pancreas	3222	0.0481	0.0548	0.4149	0.4728	0.0094	False
male	rs77770701	2	112977265	ZC3H8	ENSG00000144161	Adipose_Visceral_Omentum	2374	0.715	0.0698	0.1884	0.0184	0.0083	False
female	rs10424801	19	50132098	NOSIP	ENSG00000142546	Pancreas	3235	0.0002	0.0004	0.2961	0.6956	0.0077	False
female	rs10424801	19	50132098	RPS11	ENSG00000142534	Adipose_Subcutaneous	3294	0.0125	0.0294	0.2836	0.6672	0.0072	False
male	rs77770701	2	112977265	ZC3H8	ENSG00000144161	Pancreas	2381	0.7683	0.086	0.1248	0.014	0.007	False
male	rs4073806	2	121968414	TFCP2L1	ENSG00000115112	Muscle_Skeletal	3319	0.0	0.0	0.4633	0.5305	0.0062	False
female	rs10424801	19	50132098	RPS11	ENSG00000142534	Muscle_Skeletal	3300	0.0053	0.0126	0.291	0.6849	0.0062	False
female	rs10424801	19	50132098	FCGRT	ENSG00000104870	Whole_Blood	3310	0.0082	0.0194	0.2883	0.6785	0.0056	False
male	rs58542926	19	19379549	MAU2	ENSG00000129933	Muscle_Skeletal	2578	0.0	0.0	0.0245	0.9717	0.0038	False
male	rs58542926	19	19379549	GATAD2A	ENSG00000167491	Whole_Blood	2570	0.0	0.0	0.0245	0.9722	0.0033	False
all	rs73004967	19	19717056	RFXANK	ENSG00000064490	Whole_Blood	395	0.0	0.0185	0.0002	0.9796	0.0017	False
all	rs738408	22	44324730	SAMM50	ENSG00000100347	Adipose_Subcutaneous	509	0.0	0.0	0.0	0.9992	0.0008	False
male	rs738409	22	44324727	SAMM50	ENSG00000100347	Pancreas	4072	0.0	0.01	0.0001	0.9895	0.0004	False
all	rs73004967	19	19717056	YJEFN3	ENSG00000250067	Pancreas	395	0.0	0.0018	0.0002	0.9978	0.0002	False
all	rs73004967	19	19717056	MAU2	ENSG00000129933	Muscle_Skeletal	394	0.0	0.0	0.0002	0.9997	0.0001	False
all	rs73004967	19	19717056	YJEFN3	ENSG00000250067	Adipose_Visceral_Omentum	396	0.0	0.0011	0.0002	0.9986	0.0001	False
male	rs738409	22	44324727	SAMM50	ENSG00000100347	Whole_Blood	4211	0.0	0.0	0.0001	0.9999	0.0	False
male	rs738409	22	44324727	SAMM50	ENSG00000100347	Muscle_Skeletal	4106	0.0	0.0004	0.0001	0.9995	0.0	False
all	rs738408	22	44324730	SAMM50	ENSG00000100347	Whole_Blood	504	0.0	0.0	0.0	1.0	0.0	False
all	rs73004967	19	19717056	GATAD2A	ENSG00000167491	Whole_Blood	395	0.0	0.0	0.0002	0.9997	0.0	False
male	rs738409	22	44324727	SAMM50	ENSG00000100347	Adipose_Visceral_Omentum	4013	0.0	0.0	0.0001	0.9999	0.0	False
male	rs738409	22	44324727	SAMM50	ENSG00000100347	Adipose_Subcutaneous	4225	0.0	0.0	0.0001	0.9999	0.0	False
all	rs73004967	19	19717056	ZNF506	ENSG00000081665	Muscle_Skeletal	394	0.0	0.0001	0.0002	0.9997	0.0	False
