rank	locus	rsID	chr	pos	p_value	beta	SE	MAF	nearest_gene	dist_bp	func	eQTL_gene
1	28	rs738409	22	44324727	3.93e-10	0.1176	0.01879	0.2622	PNPLA3	0	exonic	SAMM50
2	25	rs58542926	19	19379549	1.50e-07	0.1668	0.03175	0.0667	TM6SF2	0	exonic	ATP13A1;TM6SF2;MAU2;GATAD2A
3	14	rs4841132	8	9183596	2.60e-07	0.1377	0.02673	0.0933	RP11-115J16.1	0	ncRNA_exonic	TNKS
4	10	rs114584016	5	58294396	3.04e-07	0.3739	0.07301	0.0042	PDE4D	0	intronic	—
5	1	rs72741792	1	222293695	5.18e-07	0.1232	0.02455	0.0641	RP11-400N13.1	0	ncRNA_intronic	—
6	3	rs77770701	2	112977265	8.16e-07	-0.3453	0.07001	0.0152	ZC3H8	0	intronic	—
7	18	rs2688717	11	54907648	8.50e-07	0.4449	0.09037	0.0106	TRIM48	122009	intergenic	—
8	4	rs4073806	2	121968414	2.06e-06	0.1101	0.02319	0.1751	TFCP2L1	5748	intergenic	—
9	29	rs73890059	22	48615615	2.15e-06	-0.3273	0.06907	0.0238	MIR3201	54560	intergenic	—
10	26	rs113393181	19	32586713	2.66e-06	0.2970	0.06325	0.0258	AC011518.1	6280	intergenic	—
