Rank	Locus	rsID	Chr	Pos_hg19	P	Beta	SE	MAF	Nearest_Gene	Function	eQTL_Genes
1	27	rs3747207	22	44324855	1.18e-08	0.110	0.019	0.255	PNPLA3	intronic	SAMM50 (adipose sub/visc, blood, artery, breast, heart, colon, esophagus)
2	18	rs12895726	14	21587865	5.30e-07	-0.124	0.025	0.145	RP11-998D10.4	intergenic	ARHGEF40 (artery aorta, artery tibial)
3	11	rs6892286	5	45928575	1.13e-06	0.507	0.104	0.015	HCN1	intergenic	—
4	6	rs36146170	2	239763738	2.12e-06	0.073	0.015	0.391	TWIST2	intronic	TWIST2 (esophagus muscularis)
5	15	rs10260515	7	19051512	2.18e-06	-0.073	0.015	0.395	TWIST1	intergenic	STK31 (esophagus mucosa)
6	5	rs114018234	2	54605940	2.26e-06	0.346	0.073	0.010	C2orf73	intronic	—
7	17	rs144305284	13	47034337	2.83e-06	0.386	0.082	0.004	RP11-189B4.6	ncRNA_intronic	—
8	9	rs115045876	4	3776272	2.83e-06	-0.294	0.063	0.021	ADRA2C	intergenic	—
9	2	rs12121531	1	187397003	2.98e-06	-0.121	0.026	0.095	LINC01037	intergenic	SH3BP5L (adipose sub, artery tibial, esophagus musc, kidney cortex)
10	23	rs10424801	19	50132098	3.72e-06	-0.079	0.017	0.340	PRR12/PRRG2	intergenic	PRR12 (31 tissues), PRRG2 (liver), FCGRT, NOSIP, RRAS, RPS11
